Conference,Year,Filename,Title,Authors,Category,PDF_URL
IJCAI,2022,deep_interactive_surface_creation_from_3d_sketch_strokes__9ae0d2cf.pdf,Deep Interactive Surface Creation from 3D Sketch Strokes,"Sukanya Bhattacharjee, Parag Chaudhuri",Research Papers,https://www.ijcai.org/proceedings/2022/0680.pdf
IJCAI,2022,tradformer_a_transformer_model_of_traditional_music_transcriptions__c2b3fa56.pdf,Tradformer: A Transformer Model of Traditional Music Transcriptions,"Luca Casini, Bob L. T. Sturm",Research Papers,https://www.ijcai.org/proceedings/2022/0681.pdf
IJCAI,2022,sound2synth_interpreting_sound_via_fm_synthesizer_parameters_estimation__73b0bf37.pdf,Sound2Synth: Interpreting Sound via FM Synthesizer Parameters Estimation,"Zui Chen, Yansen Jing, Shengcheng Yuan, Yifei Xu, Jian Wu, Hang Zhao",Research Papers,https://www.ijcai.org/proceedings/2022/0682.pdf
IJCAI,2022,towards_creativity_characterization_of_generative_models_via_groupbased_subset_scanning__a90a4542.pdf,Towards Creativity Characterization of Generative Models via Group-Based Subset Scanning,"Celia Cintas, Payel Das, Brian Quanz, Girmaw Abebe Tadesse, Skyler Speakman, Pin-Yu Chen",Research Papers,https://www.ijcai.org/proceedings/2022/0683.pdf
IJCAI,2022,art_creation_with_multiconditional_stylegans__a01c45ae.pdf,Art Creation with Multi-Conditional StyleGANs,"Konstantin Dobler, Florian Hübscher, Jan Westphal, Alejandro Sierra-Múnera, Gerard de Melo, Ralf Krestel",Research Papers,https://www.ijcai.org/proceedings/2022/0684.pdf
IJCAI,2022,threshold_designer_adaptation_improved_adaptation_for_designers_in_cocreative_systems__1d0b30f5.pdf,Threshold Designer Adaptation: Improved Adaptation for Designers in Co-creative Systems,"Emily Halina, Matthew Guzdial",Research Papers,https://www.ijcai.org/proceedings/2022/0685.pdf
IJCAI,2022,automated_sifting_of_stories_from_simulated_storyworlds__ad7bb180.pdf,Automated Sifting of Stories from Simulated Storyworlds,"Wilkins Leong, Julie Porteous, John Thangarajah",Research Papers,https://www.ijcai.org/proceedings/2022/0686.pdf
IJCAI,2022,universal_video_style_transfer_via_crystallization_separation_and_blending__3da2bb8d.pdf,"Universal Video Style Transfer via Crystallization, Separation, and Blending","Haofei Lu, Zhizhong Wang",Research Papers,https://www.ijcai.org/proceedings/2022/0687.pdf
IJCAI,2022,styleclipdraw_coupling_content_and_style_in_texttodrawing_translation__7acba85a.pdf,StyleCLIPDraw: Coupling Content and Style in Text-to-Drawing Translation,"Peter Schaldenbrand, Zhixuan Liu, Jean Oh",Research Papers,https://www.ijcai.org/proceedings/2022/0688.pdf
IJCAI,2022,dataset_augmentation_in_papyrology_with_generative_models_a_study_of_synthetic_ancient_greek_character_images__a6174409.pdf,Dataset Augmentation in Papyrology with Generative Models: A Study of Synthetic Ancient Greek Character Images,"Matthew I. Swindall, Timothy Player, Ben Keener, Alex C. Williams, James H. Brusuelas, Federica Nicolardi, Marzia D'Angelo, Claudio Vergara, Michael McOsker, John F. Wallin",Research Papers,https://www.ijcai.org/proceedings/2022/0689.pdf
IJCAI,2022,divswapper_towards_diversified_patchbased_arbitrary_style_transfer__5e16ab61.pdf,DivSwapper: Towards Diversified Patch-based Arbitrary Style Transfer,"Zhizhong Wang, Lei Zhao, Haibo Chen, Zhiwen Zuo, Ailin Li, Wei Xing, Dongming Lu",Research Papers,https://www.ijcai.org/proceedings/2022/0690.pdf
IJCAI,2022,musictodance_generation_with_optimal_transport__75583544.pdf,Music-to-Dance Generation with Optimal Transport,"Shuang Wu, Shijian Lu, Li Cheng",Research Papers,https://www.ijcai.org/proceedings/2022/0691.pdf
IJCAI,2022,compositionaware_graphic_layout_gan_for_visualtextual_presentation_designs__1ea0f529.pdf,Composition-aware Graphic Layout GAN for Visual-Textual Presentation Designs,"Min Zhou, Chenchen Xu, Ye Ma, Tiezheng Ge, Yuning Jiang, Weiwei Xu",Research Papers,https://www.ijcai.org/proceedings/2022/0692.pdf
IJCAI,2022,style_fader_generative_adversarial_networks_for_style_degree_controllable_artistic_style_transfer__cb730a41.pdf,Style Fader Generative Adversarial Networks for Style Degree Controllable Artistic Style Transfer,"Zhiwen Zuo, Lei Zhao, Shuobin Lian, Haibo Chen, Zhizhong Wang, Ailin Li, Wei Xing, Dongming Lu",Research Papers,https://www.ijcai.org/proceedings/2022/0693.pdf
IJCAI,2022,captioning_bosch_a_twitter_bot__29274d97.pdf,Captioning Bosch: A Twitter Bot,Cornelia Ferner,Exhibits,https://www.ijcai.org/proceedings/2022/0694.pdf
IJCAI,2022,highresolution_and_arbitrarysized_chinese_landscape_painting_creation_based_on_generative_adversarial_networks__568f076a.pdf,High-Resolution and Arbitrary-Sized Chinese Landscape Painting Creation Based on Generative Adversarial Networks,"Peixiang Luo, Jinchao Zhang, Jie Zhou",Exhibits,https://www.ijcai.org/proceedings/2022/0695.pdf
IJCAI,2022,learning_to_generate_poetic_chinese_landscape_painting_with_calligraphy__1c071db1.pdf,Learning to Generate Poetic Chinese Landscape Painting with Calligraphy,"Shaozu Yuan, Aijun Dai, Zhiling Yan, Ruixue Liu, Meng Chen, Baoyang Chen, Zhijie Qiu, Xiaodong He",Exhibits,https://www.ijcai.org/proceedings/2022/0696.pdf
IJCAI,2022,learning_pollution_maps_from_mobile_phone_images__34c6aec7.pdf,Learning Pollution Maps from Mobile Phone Images,"Ankit Bhardwaj, Shiva Iyer, Yash Jalan, Lakshminarayanan Subramanian",Research Papers,https://www.ijcai.org/proceedings/2022/0697.pdf
IJCAI,2022,deciphering_environmental_air_pollution_with_large_scale_city_data__85f4ba6c.pdf,Deciphering Environmental Air Pollution with Large Scale City Data,"Mayukh Bhattacharyya, Sayan Nag, Udita Ghosh",Research Papers,https://www.ijcai.org/proceedings/2022/0698.pdf
IJCAI,2022,chronic_disease_management_with_personalized_lab_test_response_prediction__e6091242.pdf,Chronic Disease Management with Personalized Lab Test Response Prediction,"Suman Bhoi, Mong Li Lee, Wynne Hsu, Hao Sen Andrew Fang, Ngiap Chuan Tan",Research Papers,https://www.ijcai.org/proceedings/2022/0699.pdf
IJCAI,2022,aggpose_deep_aggregation_vision_transformer_for_infant_pose_estimation__39ac8aa5.pdf,AggPose: Deep Aggregation Vision Transformer for Infant Pose Estimation,"Xu Cao, Xiaoye Li, Liya Ma, Yi Huang, Xuan Feng, Zening Chen, Hongwu Zeng, Jianguo Cao",Research Papers,https://www.ijcai.org/proceedings/2022/0700.pdf
IJCAI,2022,forecasting_patient_outcomes_in_kidney_exchange__316f42f6.pdf,Forecasting Patient Outcomes in Kidney Exchange,"Naveen Durvasula, Aravind Srinivasan, John Dickerson",Research Papers,https://www.ijcai.org/proceedings/2022/0701.pdf
IJCAI,2022,a_murder_and_protests_the_capitol_riot_and_the_chauvin_trial_estimating_disparate_news_media_stance__7cc431b3.pdf,"A Murder and Protests, the Capitol Riot, and the Chauvin Trial: Estimating Disparate News Media Stance","Sujan Dutta, Beibei Li, Daniel S. Nagin, Ashiqur R. KhudaBukhsh",Research Papers,https://www.ijcai.org/proceedings/2022/0702.pdf
IJCAI,2022,monitoring_vegetation_from_space_at_extremely_fine_resolutions_via_coarselysupervised_smooth_unet__c5e33184.pdf,Monitoring Vegetation From Space at Extremely Fine Resolutions via Coarsely-Supervised Smooth U-Net,"Joshua Fan, Di Chen, Jiaming Wen, Ying Sun, Carla Gomes",Research Papers,https://www.ijcai.org/proceedings/2022/0703.pdf
IJCAI,2022,am_i_no_good_towards_detecting_perceived_burdensomeness_and_thwarted_belongingness_from_suicide_notes__f3b7ebeb.pdf,Am I No Good? Towards Detecting Perceived Burdensomeness and Thwarted Belongingness from Suicide Notes,"Soumitra Ghosh, Asif Ekbal, Pushpak Bhattacharyya",Research Papers,https://www.ijcai.org/proceedings/2022/0704.pdf
IJCAI,2022,ai_facilitated_isolations_the_impact_of_recommendationbased_influence_diffusion_in_human_society__468f2cc5.pdf,AI Facilitated Isolations? The Impact of Recommendation-based Influence Diffusion in Human Society,"Yuxuan Hu, Shiqing Wu, Chenting Jiang, Weihua Li, Quan Bai, Erin Roehrer",Research Papers,https://www.ijcai.org/proceedings/2022/0705.pdf
IJCAI,2022,crowd_expert__ai_a_humanai_interactive_approach_towards_natural_language_explanation_based_covid19_misinformation_detection__f4f65cba.pdf,"Crowd, Expert & AI: A Human-AI Interactive Approach Towards Natural Language Explanation Based COVID-19 Misinformation Detection","Ziyi Kou, Lanyu Shang, Yang Zhang, Zhenrui Yue, Huimin Zeng, Dong Wang",Research Papers,https://www.ijcai.org/proceedings/2022/0706.pdf
IJCAI,2022,towards_the_quantitative_interpretability_analysis_of_citizens_happiness_prediction__88171e91.pdf,Towards the Quantitative Interpretability Analysis of Citizens Happiness Prediction,"Lin Li, Xiaohua Wu, Miao Kong, Dong Zhou, Xiaohui Tao",Research Papers,https://www.ijcai.org/proceedings/2022/0707.pdf
IJCAI,2022,s2snet_a_pretrained_neural_network_for_superconductivity_discovery__bd66494f.pdf,S2SNet: A Pretrained Neural Network for Superconductivity Discovery,"Ke Liu, Kaifan Yang, Jiahong Zhang, Renjun Xu",Research Papers,https://www.ijcai.org/proceedings/2022/0708.pdf
IJCAI,2022,creating_dynamic_checklists_via_bayesian_casebased_reasoning_towards_decent_working_conditions_for_all__2c3fa521.pdf,Creating Dynamic Checklists via Bayesian Case-Based Reasoning: Towards Decent Working Conditions for All,"Eirik Lund  Flogard, Ole Jakob Mengshoel, Kerstin Bach",Research Papers,https://www.ijcai.org/proceedings/2022/0709.pdf
IJCAI,2022,a_reliabilityaware_distributed_framework_to_schedule_residential_charging_of_electric_vehicles__23ef4c78.pdf,A Reliability-aware Distributed Framework to Schedule Residential Charging of Electric Vehicles,"Rounak Meyur, Swapna Thorve, Madhav Marathe, Anil Vullikanti, Samarth Swarup, Henning Mortveit",Research Papers,https://www.ijcai.org/proceedings/2022/0710.pdf
IJCAI,2022,gigs_with_guarantees_achieving_fair_wage_for_food_delivery_workers__664b7b98.pdf,Gigs with Guarantees: Achieving Fair Wage for Food Delivery Workers,"Ashish Nair, Rahul Yadav, Anjali Gupta, Abhijnan Chakraborty, Sayan Ranu, Amitabha Bagchi",Research Papers,https://www.ijcai.org/proceedings/2022/0711.pdf
IJCAI,2022,adviser_aidriven_vaccination_intervention_optimiser_for_increasing_vaccine_uptake_in_nigeria__b421cf83.pdf,ADVISER: AI-Driven Vaccination Intervention Optimiser for Increasing Vaccine Uptake in Nigeria,"Vineet Nair, Kritika Prakash, Michael Wilbur, Aparna Taneja, Corrine Namblard, Oyindamola Adeyemo, Abhishek Dubey, Abiodun Adereni, Milind Tambe, Ayan Mukhopadhyay",Research Papers,https://www.ijcai.org/proceedings/2022/0712.pdf
IJCAI,2022,ownership_concentration_and_wealth_inequality_in_russia__9344d3bc.pdf,Ownership Concentration and Wealth Inequality in Russia,"Kirill Polovnikov, Nikita Pospelov, Dmitriy Skougarevskiy",Research Papers,https://www.ijcai.org/proceedings/2022/0713.pdf
IJCAI,2022,dire_committee__diversity_and_representation_constraints_in_multiwinner_elections__bdabf4eb.pdf,DiRe Committee : Diversity and Representation Constraints in Multiwinner Elections,Kunal Relia,Research Papers,https://www.ijcai.org/proceedings/2022/0714.pdf
IJCAI,2022,agribert_knowledgeinfused_agricultural_language_models_for_matching_food_and_nutrition__710e5e35.pdf,AgriBERT: Knowledge-Infused Agricultural Language Models for Matching Food and Nutrition,"Saed Rezayi, Zhengliang Liu, Zihao Wu, Chandra Dhakal, Bao Ge, Chen Zhen, Tianming Liu, Sheng Li",Research Papers,https://www.ijcai.org/proceedings/2022/0715.pdf
IJCAI,2022,countergedi_a_controllable_approach_to_generate_polite_detoxified_and_emotional_counterspeech__e84a9e1d.pdf,"CounterGeDi: A Controllable Approach to Generate Polite, Detoxified and Emotional Counterspeech","Punyajoy Saha, Kanishk Singh, Adarsh Kumar, Binny Mathew, Animesh Mukherjee",Research Papers,https://www.ijcai.org/proceedings/2022/0716.pdf
IJCAI,2022,scalable_and_memoryefficient_algorithms_for_controlling_networked_epidemic_processes_using_multiplicative_weights_update_method__8597c660.pdf,Scalable and Memory-Efficient Algorithms for Controlling Networked Epidemic Processes Using Multiplicative Weights Update Method,"Prathyush Sambaturu, Marco Minutoli, Mahantesh Halappanavar, Ananth Kalyanaraman, Anil Vullikanti",Research Papers,https://www.ijcai.org/proceedings/2022/0717.pdf
IJCAI,2022,revealing_the_excitation_causality_between_climate_and_political_violence_via_a_neural_forwardintensity_poisson_process__390bb640.pdf,Revealing the Excitation Causality between Climate and Political Violence via a Neural Forward-Intensity Poisson Process,"Schyler C. Sun, Bailu Jin, Zhuangkun Wei, Weisi Guo",Research Papers,https://www.ijcai.org/proceedings/2022/0718.pdf
IJCAI,2022,forecasting_the_number_of_tenants_atrisk_of_formal_eviction_a_machine_learning_approach_to_inform_public_policy__168bbd1b.pdf,Forecasting the Number of Tenants At-Risk of Formal Eviction: A Machine Learning Approach to Inform Public Policy,"Maryam Tabar, Wooyong Jung, Amulya Yadav, Owen Wilson Chavez, Ashley Flores, Dongwon Lee",Research Papers,https://www.ijcai.org/proceedings/2022/0719.pdf
IJCAI,2022,dynamic_structure_learning_through_graph_neural_network_for_forecasting_soil_moisture_in_precision_agriculture__1d9f3bdd.pdf,Dynamic Structure Learning through Graph Neural Network for Forecasting Soil Moisture in Precision Agriculture,"Anoushka Vyas, Sambaran Bandyopadhyay",Research Papers,https://www.ijcai.org/proceedings/2022/0720.pdf
IJCAI,2022,quantifying_health_inequalities_induced_by_data_and_ai_models__a45c62b6.pdf,Quantifying Health Inequalities Induced by Data and AI Models,"Honghan Wu, Aneeta Sylolypavan, Minhong Wang, Sarah Wild",Research Papers,https://www.ijcai.org/proceedings/2022/0721.pdf
IJCAI,2022,sequential_vaccine_allocation_with_delayed_feedback__c2770b81.pdf,Sequential Vaccine Allocation with Delayed Feedback,"Yichen Xiao, Han-Ching Ou, Haipeng Chen, Van Thieu Nguyen, Long Tran-Thanh",Research Papers,https://www.ijcai.org/proceedings/2022/0722.pdf
IJCAI,2022,ranked_prioritization_of_groups_in_combinatorial_bandit_allocation__676afc97.pdf,Ranked Prioritization of Groups in Combinatorial Bandit Allocation,"Lily Xu, Arpita Biswas, Fei Fang, Milind Tambe",Research Papers,https://www.ijcai.org/proceedings/2022/0723.pdf
IJCAI,2022,conversational_inequality_through_the_lens_of_political_interruption__40fb00b5.pdf,Conversational Inequality Through the Lens of Political Interruption,"Clay H. Yoo, Jiachen Wang, Yuxi Luo, Kunal Khadilkar, Ashiqur R. KhudaBukhsh",Research Papers,https://www.ijcai.org/proceedings/2022/0724.pdf
IJCAI,2022,psychiatric_scale_guided_risky_post_screening_for_early_detection_of_depression__b8f12fd4.pdf,Psychiatric Scale Guided Risky Post Screening for Early Detection of Depression,"Zhiling Zhang, Siyuan Chen, Mengyue Wu, Kenny Q. Zhu",Research Papers,https://www.ijcai.org/proceedings/2022/0725.pdf
IJCAI,2022,a_norm_optimisation_approach_to_sdgs_tackling_poverty_by_acting_on_discrimination__bcb07e73.pdf,A norm optimisation approach to SDGs: tackling poverty by acting on discrimination,"Georgina Curto, Nieves Montes, Carles Sierra, Nardine Osman, Flavio Comim",Projects,https://www.ijcai.org/proceedings/2022/0726.pdf
IJCAI,2022,interactive_conceptmap_based_summaries_for_send_children__be52d760.pdf,Interactive concept-map based summaries for SEND children,"Martina Galletti, Michael Anslow, Francesca Bianchi, Manuela Calanca, Donatella Tomaiuoli, Remi Van Trijp, Diletta Vedovelli, Eleonora Pasqua",Projects,https://www.ijcai.org/proceedings/2022/0727.pdf
IJCAI,2022,argo_towards_small_vessel_detection_for_humanitarian_purposes__a1f08e90.pdf,Argo: Towards Small Vessel Detection for Humanitarian Purposes,"Elisabeth Moser, Selina Meyer, Maximilian Schmidhuber, Daniel Ketterer, Matthias Eberhardt",Demos,https://www.ijcai.org/proceedings/2022/0728.pdf
IJCAI,2022,climate_bot_a_machine_reading_comprehension_system_for_climate_change_question_answering__f69ce7bc.pdf,Climate Bot: A Machine Reading Comprehension System for Climate Change Question Answering,"Md Rashad Al Hasan Rony, Ying Zuo, Liubov Kovriguina, Roman Teucher, Jens Lehmann",Demos,https://www.ijcai.org/proceedings/2022/0729.pdf
IJCAI,2022,on_the_expressivity_of_markov_reward_extended_abstract__4ee4fba4.pdf,On the Expressivity of Markov Reward (Extended Abstract),"David Abel, Will Dabney, Anna Harutyunyan, Mark K. Ho, Michael L. Littman, Doina Precup, Satinder Singh",Sister Conferences Best Papers,https://www.ijcai.org/proceedings/2022/0730.pdf
IJCAI,2022,improving_inductive_link_prediction_using_hyperrelational_facts_extended_abstract__905aa0e7.pdf,Improving Inductive Link Prediction Using Hyper-Relational Facts (Extended Abstract),"Mehdi Ali, Max Berrendorf, Mikhail Galkin, Veronika Thost, Tengfei Ma, Volker Tresp, Jens Lehmann",Sister Conferences Best Papers,https://www.ijcai.org/proceedings/2022/0731.pdf
IJCAI,2022,utilizing_treewidth_for_quantitative_reasoning_on_epistemic_logic_programs_extended_abstract__c45ae39e.pdf,Utilizing Treewidth for Quantitative Reasoning on Epistemic Logic Programs (Extended Abstract),"Viktor Besin, Markus Hecher, Stefan Woltran",Sister Conferences Best Papers,https://www.ijcai.org/proceedings/2022/0732.pdf
IJCAI,2022,capturing_homomorphismclosed_decidable_queries_with_existential_rules_extended_abstract__2d1c057d.pdf,Capturing Homomorphism-Closed Decidable Queries with Existential Rules (Extended Abstract),"Camille Bourgaux, David Carral, Markus Krötzsch, Sebastian Rudolph, Michaël Thomazo",Sister Conferences Best Papers,https://www.ijcai.org/proceedings/2022/0733.pdf
IJCAI,2022,deep_cooperation_of_cdcl_and_local_search_for_sat_extended_abstract__fe367796.pdf,Deep Cooperation of CDCL and Local Search for SAT (Extended Abstract),"Shaowei Cai, Xindi Zhang",Sister Conferences Best Papers,https://www.ijcai.org/proceedings/2022/0734.pdf
IJCAI,2022,scalable_anytime_planning_for_multiagent_mdps_extended_abstract__38e8ff00.pdf,Scalable Anytime Planning for Multi-Agent MDPs (Extended Abstract),"Shushman Choudhury, Jayesh K. Gupta, Mykel J. Kochenderfer",Sister Conferences Best Papers,https://www.ijcai.org/proceedings/2022/0735.pdf
IJCAI,2022,measuring_data_leakage_in_machinelearning_models_with_fisher_information_extended_abstract__45e96872.pdf,Measuring Data Leakage in Machine-Learning Models with Fisher Information (Extended Abstract),"Awni Hannun, Chuan Guo, Laurens van der Maaten",Sister Conferences Best Papers,https://www.ijcai.org/proceedings/2022/0736.pdf
IJCAI,2022,allocating_opportunities_in_a_dynamic_model_of_intergenerational_mobility_extended_abstract__1f1d2ef4.pdf,Allocating Opportunities in a Dynamic Model of Intergenerational Mobility (Extended Abstract),"Hoda Heidari, Jon Kleinberg",Sister Conferences Best Papers,https://www.ijcai.org/proceedings/2022/0737.pdf
IJCAI,2022,homeomorphicinvariance_of_em_nonasymptotic_convergence_in_kl_divergence_for_exponential_families_via_mirror_descent_extended_abstract__c037b2ce.pdf,Homeomorphic-Invariance of EM: Non-Asymptotic Convergence in KL Divergence for Exponential Families via Mirror Descent (Extended Abstract),"Frederik Kunstner, Raunak Kumar, Mark Schmidt",Sister Conferences Best Papers,https://www.ijcai.org/proceedings/2022/0738.pdf
IJCAI,2022,combining_clause_learning_and_branch_and_bound_for_maxsat_extended_abstract__2ff20bf3.pdf,Combining Clause Learning and Branch and Bound for MaxSAT (Extended Abstract),"Chu-Min Li, Zhenxing Xu, Jordi Coll, Felip Manyà, Djamal Habet, Kun He",Sister Conferences Best Papers,https://www.ijcai.org/proceedings/2022/0739.pdf
IJCAI,2022,open_data_science_to_fight_covid19_winning_the_500k_xprize_pandemic_response_challenge_extended_abstract__400608e4.pdf,Open Data Science to Fight COVID-19: Winning the 500k XPRIZE Pandemic Response Challenge (Extended Abstract),"Miguel Angel Lozano, Òscar Garibo-i-Orts, Eloy Piñol, Miguel Rebollo, Kristina Polotskaya, Miguel Ángel García-March, J. Alberto Conejero, Francisco Escolano, Nuria Oliver",Sister Conferences Best Papers,https://www.ijcai.org/proceedings/2022/0740.pdf
IJCAI,2022,complex_query_answering_with_neural_link_predictors_extended_abstract__497e67d4.pdf,Complex Query Answering with Neural Link Predictors (Extended Abstract)*,"Pasquale Minervini, Erik Arakelyan, Daniel Daza, Michael Cochez",Sister Conferences Best Papers,https://www.ijcai.org/proceedings/2022/0741.pdf
IJCAI,2022,detect_understand_act_a_neurosymbolic_hierarchical_reinforcement_learning_framework_extended_abstract__5c17838a.pdf,"Detect, Understand, Act: A Neuro-Symbolic Hierarchical Reinforcement Learning Framework (Extended Abstract)","Ludovico Mitchener, David Tuckey, Matthew Crosby, Alessandra Russo",Sister Conferences Best Papers,https://www.ijcai.org/proceedings/2022/0742.pdf
IJCAI,2022,computationally_efficient_optimization_of_plackettluce_ranking_models_for_relevance_and_fairness_extended_abstract__9924b36b.pdf,Computationally Efficient Optimization of Plackett-Luce Ranking Models for Relevance and Fairness (Extended Abstract),Harrie Oosterhuis,Sister Conferences Best Papers,https://www.ijcai.org/proceedings/2022/0743.pdf
IJCAI,2022,logic_rules_meet_deep_learning_a_novel_approach_for_ship_type_classification_extended_abstract__9f3e4d45.pdf,Logic Rules Meet Deep Learning: A Novel Approach for Ship Type Classification (Extended Abstract),"Manolis Pitsikalis, Thanh-Toan Do, Alexei Lisitsa, Shan Luo",Sister Conferences Best Papers,https://www.ijcai.org/proceedings/2022/0744.pdf
IJCAI,2022,asymmetric_hybrids_dialogues_for_computational_concept_combination_extended_abstract__2fd07aec.pdf,Asymmetric Hybrids: Dialogues for Computational Concept Combination (Extended Abstract),"Guendalina Righetti, Daniele Porello, Nicolas Troquard, Oliver Kutz, Maria Hedblom, Pietro Galliani",Sister Conferences Best Papers,https://www.ijcai.org/proceedings/2022/0745.pdf
IJCAI,2022,computing_programs_for_generalized_planning_as_heuristic_search_extended_abstract__fee82d9b.pdf,Computing Programs for Generalized Planning as Heuristic Search (Extended Abstract),"Javier Segovia-Aguas, Sergio Jiménez Celorrio, Anders Jonsson",Sister Conferences Best Papers,https://www.ijcai.org/proceedings/2022/0746.pdf
IJCAI,2022,towards_facilitating_empathic_conversations_in_online_mental_health_support_a_reinforcement_learning_approach_extended_abstract__cd734734.pdf,Towards Facilitating Empathic Conversations in Online Mental Health Support: A Reinforcement Learning Approach (Extended Abstract),"Ashish Sharma, Inna W. Lin, Adam S. Miner, Dave C. Atkins, Tim Althoff",Sister Conferences Best Papers,https://www.ijcai.org/proceedings/2022/0747.pdf
IJCAI,2022,protoai_modelinformed_prototyping_for_aipowered_interfaces_extended_abstract__ded73f52.pdf,ProtoAI: Model-Informed Prototyping for AI-Powered Interfaces (Extended Abstract),"Hariharan Subramonyam, Colleen Seifert, Eytan Adar",Sister Conferences Best Papers,https://www.ijcai.org/proceedings/2022/0748.pdf
IJCAI,2022,blackbox_audit_of_youtubes_video_recommendation_investigation_of_misinformation_filter_bubble_dynamics_extended_abstract__e6e0b4b8.pdf,Black-box Audit of YouTube's Video Recommendation: Investigation of Misinformation Filter Bubble Dynamics (Extended Abstract),"Matus Tomlein, Branislav Pecher, Jakub Simko, Ivan Srba, Robert Moro, Elena Stefancova, Michal Kompan, Andrea Hrckova, Juraj Podrouzek, Maria Bielikova",Sister Conferences Best Papers,https://www.ijcai.org/proceedings/2022/0749.pdf
IJCAI,2022,unbiased_gradient_estimation_in_unrolled_computation_graphs_with_persistent_evolution_strategies_extended_abstract__c36ef41c.pdf,Unbiased Gradient Estimation in Unrolled Computation Graphs with Persistent Evolution Strategies (Extended Abstract),"Paul Vicol, Luke Metz, Jascha Sohl-Dickstein",Sister Conferences Best Papers,https://www.ijcai.org/proceedings/2022/0750.pdf
IJCAI,2022,the_minmax_complexity_of_distributed_stochastic_convex_optimization_with_intermittent_communication_extended_abstract__e219367d.pdf,The Min-Max Complexity of Distributed Stochastic Convex Optimization with Intermittent Communication (Extended Abstract),"Blake Woodworth, Brian Bullins, Ohad Shamir, Nathan Srebro",Sister Conferences Best Papers,https://www.ijcai.org/proceedings/2022/0751.pdf
IJCAI,2022,statisticallyguided_deep_network_transformation_to_harness_heterogeneity_in_space_extended_abstract__1a5a4283.pdf,Statistically-Guided Deep Network Transformation to Harness Heterogeneity in Space (Extended Abstract),"Yiqun Xie, Erhu He, Xiaowei Jia, Han Bao, Xun Zhou, Rahul Ghosh, Praveen Ravirathinam",Sister Conferences Best Papers,https://www.ijcai.org/proceedings/2022/0752.pdf
IJCAI,2022,including_signed_languages_in_natural_language_processing_extended_abstract__088b0d5e.pdf,Including Signed Languages in Natural Language Processing (Extended Abstract),"Kayo Yin, Malihe Alikhani",Sister Conferences Best Papers,https://www.ijcai.org/proceedings/2022/0753.pdf
IJCAI,2022,learning_discrete_representations_via_constrained_clustering_for_effective_and_efficient_dense_retrieval_extended_abstract__c31ca89d.pdf,Learning Discrete Representations via Constrained Clustering for Effective and Efficient Dense Retrieval (Extended Abstract),"Jingtao Zhan, Jiaxin Mao, Yiqun Liu, Jiafeng Guo, Min Zhang, Shaoping Ma",Sister Conferences Best Papers,https://www.ijcai.org/proceedings/2022/0754.pdf
IJCAI,2022,rxrefill_graph_neural_network_to_reduce_drug_overprescribing_risks_extended_abstract__6187165e.pdf,Rx-refill Graph Neural Network to Reduce Drug Overprescribing Risks (Extended Abstract),"Jianfei Zhang, Ai-Te Kuo, Jianan Zhao, Qianlong Wen, Erin Winstanley, Chuxu Zhang, Yanfang Ye",Sister Conferences Best Papers,https://www.ijcai.org/proceedings/2022/0755.pdf
IJCAI,2022,fair_division_of_indivisible_goods_a_survey__04f60fef.pdf,Fair Division of Indivisible Goods: A  Survey,"Georgios Amanatidis, Georgios Birmpas, Aris Filos-Ratsikas, Alexandros A. Voudouris",Survey Track,https://www.ijcai.org/proceedings/2022/0756.pdf
IJCAI,2022,text_transformations_in_contrastive_selfsupervised_learning_a_review__a54874fa.pdf,Text Transformations in Contrastive Self-Supervised Learning: A Review,"Amrita Bhattacharjee, Mansooreh Karami, Huan Liu",Survey Track,https://www.ijcai.org/proceedings/2022/0757.pdf
IJCAI,2022,a_survey_on_word_metaembedding_learning__8a9ba915.pdf,A Survey on Word Meta-Embedding Learning,"Danushka Bollegala, James O' Neill",Survey Track,https://www.ijcai.org/proceedings/2022/0758.pdf
IJCAI,2022,imagetext_retrieval_a_survey_on_recent_research_and_development__36dec04f.pdf,Image-text Retrieval: A Survey on Recent Research and Development,"Min Cao, Shiping Li, Juntao Li, Liqiang Nie, Min Zhang",Survey Track,https://www.ijcai.org/proceedings/2022/0759.pdf
IJCAI,2022,evidential_reasoning_and_learning_a_survey__7343a5c6.pdf,Evidential Reasoning and Learning: a Survey,"Federico Cerutti, Lance M. Kaplan, Murat Şensoy",Survey Track,https://www.ijcai.org/proceedings/2022/0760.pdf
IJCAI,2022,table_pretraining_a_survey_on_model_architectures_pretraining_objectives_and_downstream_tasks__10ccf7e1.pdf,"Table Pre-training: A Survey on Model Architectures, Pre-training Objectives, and Downstream Tasks","Haoyu Dong, Zhoujun Cheng, Xinyi He, Mengyu Zhou, Anda Zhou, Fan Zhou, Ao Liu, Shi Han, Dongmei Zhang",Survey Track,https://www.ijcai.org/proceedings/2022/0761.pdf
IJCAI,2022,a_survey_of_visionlanguage_pretrained_models__14e09828.pdf,A Survey of Vision-Language Pre-Trained Models,"Yifan Du, Zikang Liu, Junyi Li, Wayne Xin Zhao",Survey Track,https://www.ijcai.org/proceedings/2022/0762.pdf
IJCAI,2022,a_survey_on_machine_learning_approaches_for_modelling_intuitive_physics__63cfe62f.pdf,A Survey on Machine Learning Approaches for Modelling Intuitive Physics,"Jiafei Duan, Arijit Dasgupta, Jason Fischer, Cheston Tan",Survey Track,https://www.ijcai.org/proceedings/2022/0763.pdf
IJCAI,2022,a_survey_on_dialogue_summarization_recent_advances_and_new_frontiers__e5f091c6.pdf,A Survey on Dialogue Summarization: Recent Advances and New Frontiers,"Xiachong Feng, Xiaocheng Feng, Bing Qin",Survey Track,https://www.ijcai.org/proceedings/2022/0764.pdf
IJCAI,2022,legal_judgment_prediction_a_survey_of_the_state_of_the_art__f4b8933e.pdf,Legal Judgment Prediction: A Survey of the State of the Art,"Yi Feng, Chuanyi Li, Vincent Ng",Survey Track,https://www.ijcai.org/proceedings/2022/0765.pdf
IJCAI,2022,differential_privacy_and_fairness_in_decisions_and_learning_tasks_a_survey__ef7647b5.pdf,Differential Privacy and Fairness in Decisions and Learning Tasks: A Survey,"Ferdinando Fioretto, Cuong Tran, Pascal Van Hentenryck, Keyu Zhu",Survey Track,https://www.ijcai.org/proceedings/2022/0766.pdf
IJCAI,2022,deep_learning_with_logical_constraints__8ce08dc3.pdf,Deep Learning with Logical Constraints,"Eleonora Giunchiglia, Mihaela Catalina Stoian, Thomas Lukasiewicz",Survey Track,https://www.ijcai.org/proceedings/2022/0767.pdf
IJCAI,2022,who_says_what_to_whom_a_survey_of_multiparty_conversations__92eefce7.pdf,Who Says What to Whom: A Survey of Multi-Party Conversations,"Jia-Chen Gu, Chongyang Tao, Zhen-Hua Ling",Survey Track,https://www.ijcai.org/proceedings/2022/0768.pdf
IJCAI,2022,survey_on_efficient_training_of_large_neural_networks__36b7e9e1.pdf,Survey on Efficient Training of Large Neural Networks,"Julia Gusak, Daria Cherniuk, Alena Shilova, Alexandr Katrutsa, Daniel Bershatsky, Xunyi Zhao, Lionel Eyraud-Dubois, Oleh Shliazhko, Denis Dimitrov, Ivan Oseledets, Olivier Beaumont",Survey Track,https://www.ijcai.org/proceedings/2022/0769.pdf
IJCAI,2022,goalconditioned_reinforcement_learning_problems_and_solutions__a5c19096.pdf,Goal-Conditioned Reinforcement Learning: Problems and Solutions,"Minghuan Liu, Menghui Zhu, Weinan Zhang",Survey Track,https://www.ijcai.org/proceedings/2022/0770.pdf
IJCAI,2022,neural_reranking_in_multistage_recommender_systems_a_review__ac09fbb8.pdf,Neural Re-ranking in Multi-stage Recommender Systems: A Review,"Weiwen Liu, Yunjia Xi, Jiarui Qin, Fei Sun, Bo Chen, Weinan Zhang, Rui Zhang, Ruiming Tang",Survey Track,https://www.ijcai.org/proceedings/2022/0771.pdf
IJCAI,2022,survey_on_graph_neural_network_acceleration_an_algorithmic_perspective__069f06c7.pdf,Survey on Graph Neural Network Acceleration: An Algorithmic Perspective,"Xin Liu, Mingyu Yan, Lei Deng, Guoqi Li, Xiaochun Ye, Dongrui Fan, Shirui Pan, Yuan Xie",Survey Track,https://www.ijcai.org/proceedings/2022/0772.pdf
IJCAI,2022,visionandlanguage_pretrained_models_a_survey__1f9e4593.pdf,Vision-and-Language Pretrained Models: A Survey,"Siqu Long, Feiqi Cao, Soyeon Caren Han, Haiqin Yang",Survey Track,https://www.ijcai.org/proceedings/2022/0773.pdf
IJCAI,2022,predictive_coding_towards_a_future_of_deep_learning_beyond_backpropagation__c8b94157.pdf,Predictive Coding: Towards a Future of Deep Learning beyond Backpropagation?,"Beren Millidge, Tommaso Salvatori, Yuhang Song, Rafal Bogacz, Thomas Lukasiewicz",Survey Track,https://www.ijcai.org/proceedings/2022/0774.pdf
IJCAI,2022,deep_learning_meets_software_engineering_a_survey_on_pretrained_models_of_source_code__337d8b24.pdf,Deep Learning Meets Software Engineering: A Survey on Pre-Trained Models of Source Code,"Changan Niu, Chuanyi Li, Bin Luo, Vincent Ng",Survey Track,https://www.ijcai.org/proceedings/2022/0775.pdf
IJCAI,2022,evaluation_methods_for_representation_learning_a_survey__abbbebd1.pdf,Evaluation Methods for Representation Learning: A Survey,"Kento Nozawa, Issei Sato",Survey Track,https://www.ijcai.org/proceedings/2022/0776.pdf
IJCAI,2022,a_unified_view_of_relational_deep_learning_for_drug_pair_scoring__540505f8.pdf,A Unified View of Relational Deep Learning for Drug Pair Scoring,"Benedek Rozemberczki, Stephen Bonner, Andriy Nikolov, Michaël Ughetto, Sebastian Nilsson, Eliseo Papa",Survey Track,https://www.ijcai.org/proceedings/2022/0777.pdf
IJCAI,2022,the_shapley_value_in_machine_learning__1219ab3e.pdf,The Shapley Value in Machine Learning,"Benedek Rozemberczki, Lauren Watson, Péter Bayer, Hao-Tsung Yang, Olivér Kiss, Sebastian Nilsson, Rik Sarkar",Survey Track,https://www.ijcai.org/proceedings/2022/0778.pdf
IJCAI,2022,a_survey_of_machine_narrative_reading_comprehension_assessments__5bef9788.pdf,A Survey of Machine Narrative Reading Comprehension Assessments,"Yisi Sang, Xiangyang Mou, Jing Li, Jeffrey Stanton, Mo Yu",Survey Track,https://www.ijcai.org/proceedings/2022/0779.pdf
IJCAI,2022,abstraction_for_deep_reinforcement_learning__1a623035.pdf,Abstraction for Deep Reinforcement Learning,"Murray Shanahan, Melanie Mitchell",Survey Track,https://www.ijcai.org/proceedings/2022/0780.pdf
IJCAI,2022,detecting_and_understanding_harmful_memes_a_survey__141927b8.pdf,Detecting and Understanding Harmful Memes: A Survey,"Shivam Sharma, Firoj Alam, Md. Shad Akhtar, Dimitar Dimitrov, Giovanni Da San Martino, Hamed Firooz, Alon Halevy, Fabrizio Silvestri, Preslav Nakov, Tanmoy Chakraborty",Survey Track,https://www.ijcai.org/proceedings/2022/0781.pdf
IJCAI,2022,data_valuation_in_machine_learning_ingredients_strategies_and_open_challenges__60af4099.pdf,"Data Valuation in Machine Learning: ""Ingredients"", Strategies, and Open Challenges","Rachael Hwee Ling Sim, Xinyi Xu, Bryan Kian Hsiang Low",Survey Track,https://www.ijcai.org/proceedings/2022/0782.pdf
IJCAI,2022,problem_compilation_for_multiagent_path_finding_a_survey__09cb3fbf.pdf,Problem Compilation for Multi-Agent Path Finding: a Survey,Pavel Surynek,Survey Track,https://www.ijcai.org/proceedings/2022/0783.pdf
IJCAI,2022,a_survey_of_riskaware_multiarmed_bandits__aef5d155.pdf,A Survey of Risk-Aware Multi-Armed Bandits,"Vincent Y. F. Tan, Prashanth L.A., Krishna Jagannathan",Survey Track,https://www.ijcai.org/proceedings/2022/0784.pdf
IJCAI,2022,visionbased_intention_and_trajectory_prediction_in_autonomous_vehicles_a_survey__a5aa4cb8.pdf,Vision-based Intention and Trajectory Prediction in Autonomous Vehicles: A Survey,"Izzeddin Teeti, Salman Khan, Ajmal Shahbaz, Andrew Bradley, Fabio Cuzzolin",Survey Track,https://www.ijcai.org/proceedings/2022/0785.pdf
IJCAI,2022,recent_advances_on_neural_network_pruning_at_initialization__d9c8b8ed.pdf,Recent Advances on Neural Network Pruning at Initialization,"Huan Wang, Can Qin, Yue Bai, Yulun Zhang, Yun Fu",Survey Track,https://www.ijcai.org/proceedings/2022/0786.pdf
IJCAI,2022,on_the_opportunity_of_causal_learning_in_recommendation_systems_foundation_estimation_prediction_and_challenges__763058f2.pdf,"On the Opportunity of Causal Learning in Recommendation Systems: Foundation, Estimation, Prediction and Challenges","Peng Wu, Haoxuan Li, Yuhao Deng, Wenjie Hu, Quanyu Dai, Zhenhua Dong, Jie Sun, Rui Zhang, Xiao-Hua Zhou",Survey Track,https://www.ijcai.org/proceedings/2022/0787.pdf
IJCAI,2022,recent_advances_in_concept_drift_adaptation_methods_for_deep_learning__ab00a6a6.pdf,Recent Advances in Concept Drift Adaptation Methods for Deep Learning,"Liheng Yuan, Heng Li, Beihao Xia, Cuiying Gao, Mingyue Liu, Wei Yuan, Xinge You",Survey Track,https://www.ijcai.org/proceedings/2022/0788.pdf
IJCAI,2022,fewshot_learning_on_graphs__87ab06e7.pdf,Few-Shot Learning on Graphs,"Chuxu Zhang, Kaize Ding, Jundong Li, Xiangliang Zhang, Yanfang Ye, Nitesh V. Chawla, Huan Liu",Survey Track,https://www.ijcai.org/proceedings/2022/0789.pdf
IJCAI,2022,recent_advances_and_new_frontiers_in_spiking_neural_networks__4d13d0a3.pdf,Recent Advances and New Frontiers in Spiking Neural Networks,"Duzhen Zhang, Shuncheng Jia, Qingyu Wang",Survey Track,https://www.ijcai.org/proceedings/2022/0790.pdf
IJCAI,2022,a_survey_on_gradient_inversion_attacks_defenses_and_future_directions__11b06dab.pdf,"A Survey on Gradient Inversion: Attacks, Defenses and Future Directions","Rui Zhang, Song Guo, Junxiao Wang, Xin Xie, Dacheng Tao",Survey Track,https://www.ijcai.org/proceedings/2022/0791.pdf
IJCAI,2022,towards_verifiable_federated_learning__3f020bd0.pdf,Towards Verifiable Federated Learning,"Yanci Zhang, Han Yu",Survey Track,https://www.ijcai.org/proceedings/2022/0792.pdf
IJCAI,2022,a_survey_on_neural_open_information_extraction_current_status_and_future_directions__c42c60a0.pdf,A Survey on Neural Open Information Extraction: Current Status and Future Directions,"Shaowen Zhou, Bowen Yu, Aixin Sun, Cheng Long, Jingyang Li, Jian Sun",Survey Track,https://www.ijcai.org/proceedings/2022/0793.pdf
IJCAI,2022,on_the_firstorder_rewritability_of_ontologymediated_queries_in_linear_temporal_logic_extended_abstract__9dafaf07.pdf,On the First-Order Rewritability of Ontology-Mediated Queries in Linear Temporal Logic (Extended Abstract),"Alessandro Artale, Roman Kontchakov, Alisa Kovtunova, Vladislav Ryzhikov, Frank Wolter, Michael Zakharyaschev",Journal Track,https://www.ijcai.org/proceedings/2022/0794.pdf
IJCAI,2022,bayesian_auctions_with_efficient_queries_extended_abstract__ead217d3.pdf,Bayesian Auctions with Efficient Queries (Extended Abstract),"Jing Chen, Bo Li, Yingkai Li, Pinyan Lu",Journal Track,https://www.ijcai.org/proceedings/2022/0795.pdf
IJCAI,2022,overlapping_communities_and_roles_in_networks_with_node_attributes_probabilistic_graphical_modeling_bayesian_formulation_and_variational_inference_extended_abstract__f35acdb5.pdf,"Overlapping Communities and Roles in Networks with Node Attributes: Probabilistic Graphical Modeling, Bayesian Formulation and Variational Inference (Extended Abstract)","Gianni Costa, Riccardo Ortale",Journal Track,https://www.ijcai.org/proceedings/2022/0796.pdf
IJCAI,2022,on_quantifying_literals_in_boolean_logic_and_its_applications_to_explainable_ai_extended_abstract__157e78d5.pdf,On Quantifying Literals in Boolean Logic and its Applications to Explainable AI (Extended Abstract),"Adnan Darwiche, Pierre Marquis",Journal Track,https://www.ijcai.org/proceedings/2022/0797.pdf
IJCAI,2022,situation_calculus_for_controller_synthesis_in_manufacturing_systems_with_firstorder_state_representation_extended_abstract__bd9b8092.pdf,Situation Calculus for Controller Synthesis in Manufacturing Systems with First-Order State Representation (Extended Abstract),"Giuseppe De Giacomo, Paolo Felli, Brian Logan, Fabio Patrizi, Sebastian Sardiña",Journal Track,https://www.ijcai.org/proceedings/2022/0798.pdf
IJCAI,2022,making_sense_of_raw_input_extended_abstract__08f52a9b.pdf,Making Sense of Raw Input (Extended Abstract),"Richard Evans, Matko Bošnjak, Lars Buesing, Kevin Ellis, David Pfau, Pushmeet Kohli, Marek Sergot",Journal Track,https://www.ijcai.org/proceedings/2022/0799.pdf
IJCAI,2022,abstraction_in_datasparse_task_transfer_extended_abstract__9167ef56.pdf,Abstraction in Data-Sparse Task Transfer (Extended Abstract),"Tesca Fitzgerald, Ashok Goel, Andrea Thomaz",Journal Track,https://www.ijcai.org/proceedings/2022/0800.pdf
IJCAI,2022,experimental_comparison_and_survey_of_twelve_time_series_anomaly_detection_algorithms_extended_abstract__801bc75b.pdf,Experimental Comparison and Survey of Twelve Time Series Anomaly Detection Algorithms (Extended Abstract),"Cynthia Freeman, Jonathan Merriman, Ian Beaver, Abdullah Mueen",Journal Track,https://www.ijcai.org/proceedings/2022/0801.pdf
IJCAI,2022,dimensional_inconsistency_measures_and_postulates_in_spatiotemporal_databases_extended_abstract__d5f39876.pdf,Dimensional Inconsistency Measures and Postulates in Spatio-Temporal Databases (Extended Abstract),"John Grant, Maria Vanina Martinez, Cristian Molinaro, Francesco Parisi",Journal Track,https://www.ijcai.org/proceedings/2022/0802.pdf
IJCAI,2022,local_and_global_explanations_of_agent_behavior_integrating_strategy_summaries_with_saliency_maps_extended_abstract__ce77e5d5.pdf,Local and Global Explanations of Agent Behavior: Integrating Strategy Summaries with Saliency Maps (Extended Abstract),"Tobias Huber, Katharina Weitz, Elisabeth André, Ofra Amir",Journal Track,https://www.ijcai.org/proceedings/2022/0803.pdf
IJCAI,2022,sunnyas2_enhancing_sunny_for_algorithm_selection_extended_abstract__99e1da82.pdf,sunny-as2: Enhancing SUNNY for Algorithm Selection (Extended Abstract),"Tong Liu, Roberto Amadini, Maurizio Gabbrielli, Jacopo Mauro",Journal Track,https://www.ijcai.org/proceedings/2022/0804.pdf
IJCAI,2022,intelligence_in_strategic_games_extended_abstract__01052b73.pdf,Intelligence in Strategic Games (Extended Abstract),"Pavel Naumov, Yuan Yuan",Journal Track,https://www.ijcai.org/proceedings/2022/0805.pdf
IJCAI,2022,learning_realistic_patterns_from_visually_unrealistic_stimuli_generalization_and_data_anonymization_extended_abstract__4d96fa72.pdf,Learning  Realistic Patterns from Visually Unrealistic Stimuli: Generalization and Data Anonymization (Extended Abstract),"Konstantinos Nikolaidis, Stein Kristiansen, Thomas Plagemann, Vera Goebel, Knut Liestøl, Mohan Kankanhalli, Gunn-Marit Traaen, Britt Øverland, Harriet Akre, Lars Aakeroy, Sigurd Steinshamn",Journal Track,https://www.ijcai.org/proceedings/2022/0806.pdf
IJCAI,2022,abstraction_for_nonground_answer_set_programs_extended_abstract__cdff5112.pdf,Abstraction for Non-Ground Answer Set Programs (Extended Abstract),"Zeynep G. Saribatur, Thomas Eiter, Peter Schüller",Journal Track,https://www.ijcai.org/proceedings/2022/0807.pdf
IJCAI,2022,a_theoretical_perspective_on_hyperdimensional_computing_extended_abstract__996e2c37.pdf,A Theoretical Perspective on Hyperdimensional Computing (Extended Abstract),"Anthony Thomas, Sanjoy Dasgupta, Tajana Rosing",Journal Track,https://www.ijcai.org/proceedings/2022/0808.pdf
IJCAI,2022,measuring_the_occupational_impact_of_ai_tasks_cognitive_abilities_and_ai_benchmarks_extended_abstract__159e0e16.pdf,"Measuring the Occupational Impact of AI: Tasks, Cognitive Abilities and AI Benchmarks (Extended Abstract)*","Songül Tolan, Annarosa Pesole, Fernando Martínez-Plumed, Enrique Fernández-Macías, José Hernández-Orallo, Emilia Gómez",Journal Track,https://www.ijcai.org/proceedings/2022/0809.pdf
IJCAI,2022,why_bad_coffee_explaining_bdi_agent_behaviour_with_valuings_extended_abstract__ff790a27.pdf,Why Bad Coffee? Explaining BDI Agent Behaviour with Valuings (Extended Abstract),"Michael Winikoff, Galina Sidorenko, Virginia Dignum, Frank Dignum",Journal Track,https://www.ijcai.org/proceedings/2022/0810.pdf
IJCAI,2022,ethics_and_governance_of_artificial_intelligence_a_survey_of_machine_learning_researchers_extended_abstract__6d97b1fb.pdf,Ethics and Governance of Artificial Intelligence: A Survey of Machine Learning Researchers (Extended Abstract),"Baobao Zhang, Markus Anderljung, Lauren Kahn, Noemi Dreksler, Michael C. Horowitz, Allan Dafoe",Journal Track,https://www.ijcai.org/proceedings/2022/0811.pdf
IJCAI,2022,improving_the_effectiveness_and_efficiency_of_stochastic_neighbour_embedding_with_isolation_kernel_extended_abstract__7487884e.pdf,Improving the Effectiveness and Efficiency of Stochastic Neighbour Embedding with Isolation Kernel (Extended Abstract),"Ye Zhu, Kai Ming Ting",Journal Track,https://www.ijcai.org/proceedings/2022/0812.pdf
IJCAI,2022,irrational_but_adaptive_and_goal_oriented_humans_interacting_with_autonomous_agents__811bc42f.pdf,"Irrational, but Adaptive and Goal Oriented: Humans Interacting with Autonomous Agents",Amos Azaria,Early Career,https://www.ijcai.org/proceedings/2022/0813.pdf
IJCAI,2022,analyzing_and_designing_strategic_environments_in_social_domains__fca2dd51.pdf,Analyzing and Designing Strategic Environments in Social Domains,Hau Chan,Early Career,https://www.ijcai.org/proceedings/2022/0814.pdf
IJCAI,2022,integrating_machine_learning_and_optimization_to_boost_decision_making__5c84941e.pdf,Integrating Machine Learning and Optimization to Boost Decision Making,Ferdinando Fioretto,Early Career,https://www.ijcai.org/proceedings/2022/0815.pdf
IJCAI,2022,interaction_and_expressivity_in_collective_decisionmaking__7d8a9ae6.pdf,Interaction and Expressivity in Collective Decision-Making,Umberto Grandi,Early Career,https://www.ijcai.org/proceedings/2022/0816.pdf
IJCAI,2022,counting_sampling_and_synthesis_the_quest_for_scalability__55a21b1b.pdf,"Counting, Sampling, and Synthesis: The Quest for Scalability",Kuldeep S. Meel,Early Career,https://www.ijcai.org/proceedings/2022/0817.pdf
IJCAI,2022,controllable_text_generation_for_opendomain_creativity_and_fairness__e4327840.pdf,Controllable Text Generation for Open-Domain Creativity and Fairness,Nanyun (Violet) Peng,Early Career,https://www.ijcai.org/proceedings/2022/0818.pdf
IJCAI,2022,towards_theoretically_grounded_evolutionary_learning__5c5e74b4.pdf,Towards Theoretically Grounded Evolutionary Learning,Chao Qian,Early Career,https://www.ijcai.org/proceedings/2022/0819.pdf
IJCAI,2022,mechanism_design_powered_by_social_interactions_a_call_to_arms__039532bf.pdf,Mechanism Design Powered by Social Interactions: A Call to Arms,Dengji Zhao,Early Career,https://www.ijcai.org/proceedings/2022/0820.pdf
IJCAI,2022,towards_new_optimized_artificial_immune_recognition_systems_under_the_belief_function_theory__74a6be10.pdf,Towards New Optimized Artificial Immune Recognition Systems under the Belief Function Theory,Rihab Abdelkhalek,Doctoral Consortium,https://www.ijcai.org/proceedings/2022/0821.pdf
IJCAI,2022,extending_decision_tree_to_handle_multiple_fairness_criteria__cf699030.pdf,Extending Decision Tree to Handle Multiple Fairness Criteria,Alessandro Castelnovo,Doctoral Consortium,https://www.ijcai.org/proceedings/2022/0822.pdf
IJCAI,2022,dynamic_bandits_with_temporal_structure__1e2953a8.pdf,Dynamic Bandits with Temporal Structure,Qinyi Chen,Doctoral Consortium,https://www.ijcai.org/proceedings/2022/0823.pdf
IJCAI,2022,hybrid_learning_system_for_largescale_medical_image_analysis__c0253051.pdf,Hybrid Learning System for Large-scale Medical Image Analysis,"Zehua Cheng, Lianlong Wu",Doctoral Consortium,https://www.ijcai.org/proceedings/2022/0824.pdf
IJCAI,2022,kraken_a_novel_semanticbased_approach_for_keyphrases_extraction__c98b9d8d.pdf,KRAKEN: A Novel Semantic-Based Approach for Keyphrases Extraction,Simone D'Amico,Doctoral Consortium,https://www.ijcai.org/proceedings/2022/0825.pdf
IJCAI,2022,building_a_visual_semantics_aware_object_hierarchy__622b1a98.pdf,Building a Visual Semantics Aware Object Hierarchy,Xiaolei Diao,Doctoral Consortium,https://www.ijcai.org/proceedings/2022/0826.pdf
IJCAI,2022,decomposition_methods_for_solving_scheduling_problem_using_answer_set_programming__5ec8c55b.pdf,Decomposition Methods for Solving Scheduling Problem Using Answer Set Programming,Mohammed  M. S. El-Kholany,Doctoral Consortium,https://www.ijcai.org/proceedings/2022/0827.pdf
IJCAI,2022,decentralized_autonomous_organizations_and_multiagent_systems_for_artificial_intelligence_applications_and_data_analysis__6f1c1257.pdf,Decentralized Autonomous Organizations and Multi-agent Systems for Artificial Intelligence Applications and Data Analysis,Sante Dino Facchini,Doctoral Consortium,https://www.ijcai.org/proceedings/2022/0828.pdf
IJCAI,2022,a_unified_framework_for_intrinsic_evaluation_of_wordembedding_algorithms__68407149.pdf,A Unified Framework for Intrinsic Evaluation of Word-Embedding Algorithms,Anna Giabelli,Doctoral Consortium,https://www.ijcai.org/proceedings/2022/0829.pdf
IJCAI,2022,early_diagnosis_of_lyme_disease_by_recognizing_erythema_migrans_skin_lesion_from_images_utilizing_deep_learning_techniques__4c9a3acb.pdf,Early Diagnosis of Lyme Disease by Recognizing Erythema Migrans Skin Lesion from Images Utilizing Deep Learning Techniques,Sk Imran Hossain,Doctoral Consortium,https://www.ijcai.org/proceedings/2022/0830.pdf
IJCAI,2022,scalable_ml_methods_to_optimize_kpis_in_realworld_manufacturing_processes__3d7fd760.pdf,Scalable ML Methods to Optimize KPIs in Real-World Manufacturing Processes,Benjamin Kovács,Doctoral Consortium,https://www.ijcai.org/proceedings/2022/0831.pdf
IJCAI,2022,equilibria_in_strategic_nominee_selection__bafc6e2a.pdf,Equilibria in Strategic Nominee Selection,Grzegorz Lisowski,Doctoral Consortium,https://www.ijcai.org/proceedings/2022/0832.pdf
IJCAI,2022,engineering_sociallyoriented_autonomous_agents_and_multiagent_systems__9b591c65.pdf,Engineering Socially-Oriented Autonomous Agents and Multiagent Systems,Nieves Montes,Doctoral Consortium,https://www.ijcai.org/proceedings/2022/0833.pdf
IJCAI,2022,application_of_neurosymbolic_ai_to_sequential_decision_making__b87c4b16.pdf,Application of Neurosymbolic AI to Sequential Decision Making,Carlos Núñez-Molina,Doctoral Consortium,https://www.ijcai.org/proceedings/2022/0834.pdf
IJCAI,2022,multivariate_times_series_classification_using_multichannel_cnn__d62fc79b.pdf,Multivariate Times Series Classification Using Multichannel CNN,YongKyung Oh,Doctoral Consortium,https://www.ijcai.org/proceedings/2022/0835.pdf
IJCAI,2022,anchors_selection_for_crosslingual_embedding_alignment_through_time__1eb5b8df.pdf,Anchors Selection for Cross-lingual Embedding Alignment through Time,Filippo Pallucchini,Doctoral Consortium,https://www.ijcai.org/proceedings/2022/0836.pdf
IJCAI,2022,transferability_and_stability_of_learning_with_limited_labelled_data_in_multilingual_text_document_classification__fb445d09.pdf,Transferability and Stability of Learning with Limited Labelled Data in Multilingual Text Document Classification,Branislav Pecher,Doctoral Consortium,https://www.ijcai.org/proceedings/2022/0837.pdf
IJCAI,2022,towards_contextually_sensitive_analysis_of_memes_meme_genealogy_and_knowledge_base__fd113d39.pdf,Towards Contextually Sensitive Analysis of Memes: Meme Genealogy and Knowledge Base,Victoria Sherratt,Doctoral Consortium,https://www.ijcai.org/proceedings/2022/0838.pdf
IJCAI,2022,dataefficient_algorithms_and_neural_natural_language_processing_applications_in_the_healthcare_domain__a3561a02.pdf,Data-Efficient Algorithms and Neural Natural Language Processing: Applications in the Healthcare Domain,Heereen Shim,Doctoral Consortium,https://www.ijcai.org/proceedings/2022/0839.pdf
IJCAI,2022,a_modeloriented_approach_for_lifting_symmetrybreaking_constraints_in_answer_set_programming__cf79df6e.pdf,A Model-Oriented Approach for Lifting Symmetry-Breaking Constraints in Answer Set Programming,Alice Tarzariol,Doctoral Consortium,https://www.ijcai.org/proceedings/2022/0840.pdf
IJCAI,2022,adaptive_artificial_intelligence_scheduling_methods_for_largescale_stochastic_industrial_applications__77de0f69.pdf,"Adaptive Artificial Intelligence Scheduling Methods for Large-Scale, Stochastic, Industrial Applications",Pierre Tassel,Doctoral Consortium,https://www.ijcai.org/proceedings/2022/0841.pdf
IJCAI,2022,information_injection_to_deep_learning_solutions_in_knowledge_transfer__38a97acd.pdf,Information Injection to Deep Learning Solutions in Knowledge Transfer,Paulina Tomaszewska,Doctoral Consortium,https://www.ijcai.org/proceedings/2022/0842.pdf
IJCAI,2022,automatic_multimodal_emotion_recognition_using_facial_expression_voice_and_text__703b2489.pdf,"Automatic Multimodal Emotion Recognition Using Facial Expression, Voice, and Text",Hélène Tran,Doctoral Consortium,https://www.ijcai.org/proceedings/2022/0843.pdf
IJCAI,2022,anomaly_explanation__5cd8092a.pdf,Anomaly Explanation,Véronne Yepmo,Doctoral Consortium,https://www.ijcai.org/proceedings/2022/0844.pdf
IJCAI,2022,diffusion_incentives_in_cooperative_games__272a0c8f.pdf,Diffusion Incentives in Cooperative Games,Yao Zhang,Doctoral Consortium,https://www.ijcai.org/proceedings/2022/0845.pdf
IJCAI,2022,together_about_dementia__14e19f85.pdf,Together about Dementia,"Nicklas Sindlev Andersen, Marco Chiarandini",Demo Track,https://www.ijcai.org/proceedings/2022/0846.pdf
IJCAI,2022,displaying_justifications_for_collective_decisions__68efea76.pdf,Displaying Justifications for Collective Decisions,"Arthur Boixel, Ulle Endriss, Oliviero Nardi",Demo Track,https://www.ijcai.org/proceedings/2022/0847.pdf
IJCAI,2022,itero_an_online_iterative_voting_application__c0940ecb.pdf,Itero: An Online Iterative Voting Application,"Joseph Boudou, Rachael Colley, Umberto Grandi",Demo Track,https://www.ijcai.org/proceedings/2022/0848.pdf
IJCAI,2022,interactive_reinforcement_learning_for_symbolic_regression_from_multiformat_humanpreference_feedbacks__225a9928.pdf,Interactive Reinforcement Learning for Symbolic Regression from Multi-Format Human-Preference Feedbacks,"Laure Crochepierre, Lydia Boudjeloud-Assala, Vincent Barbesant",Demo Track,https://www.ijcai.org/proceedings/2022/0849.pdf
IJCAI,2022,knowledgebased_news_event_analysis_and_forecasting_toolkit__e8c42a26.pdf,Knowledge-Based News Event Analysis and Forecasting Toolkit,"Oktie Hassanzadeh, Parul Awasthy, Ken Barker, Onkar Bhardwaj, Debarun Bhattacharjya, Mark Feblowitz, Lee Martie, Jian Ni, Kavitha Srinivas, Lucy Yip",Demo Track,https://www.ijcai.org/proceedings/2022/0850.pdf
IJCAI,2022,carben_composite_adversarial_robustness_benchmark__13afa6f4.pdf,CARBEN: Composite Adversarial Robustness Benchmark,"Lei Hsiung, Yun-Yun Tsai, Pin-Yu Chen, Tsung-Yi Ho",Demo Track,https://www.ijcai.org/proceedings/2022/0851.pdf
IJCAI,2022,a_speechdriven_sign_language_avatar_animation_system_for_hearing_impaired_applications__0375804f.pdf,A Speech-driven Sign Language Avatar Animation System for Hearing Impaired Applications,"Li Hu, Jiahui Li, Jiashuo Zhang, Qi Wang, Bang Zhang, Ping Tan",Demo Track,https://www.ijcai.org/proceedings/2022/0852.pdf
IJCAI,2022,explainit_a_tool_for_computing_robust_attributions_of_dnns__0409bad0.pdf,ExplainIt!: A Tool for Computing Robust Attributions of DNNs,"Sumit Jha, Alvaro Velasquez, Rickard Ewetz, Laura Pullum, Susmit Jha",Demo Track,https://www.ijcai.org/proceedings/2022/0853.pdf
IJCAI,2022,pillgood_automated_and_interactive_pill_dispenser_using_facial_recognition_for_safe_and_personalized_medication__bff0306a.pdf,PillGood: Automated and Interactive Pill Dispenser Using Facial Recognition for Safe and Personalized Medication,"Jonghyeok Kim, Hosung Kwon, Jonghyeon Kim, Jinsoo Park, Soong-Un Choi, Sookyung Kim",Demo Track,https://www.ijcai.org/proceedings/2022/0854.pdf
IJCAI,2022,signtospeech_model_for_sign_language_understanding_a_case_study_of_nigerian_sign_language__9f314e4f.pdf,Sign-to-Speech Model for Sign Language Understanding: A Case Study of Nigerian Sign Language,"Steven Kolawole, Opeyemi Osakuade, Nayan Saxena, Babatunde Kazeem Olorisade",Demo Track,https://www.ijcai.org/proceedings/2022/0855.pdf
IJCAI,2022,realtime_portrait_stylization_on_the_edge__d71ac739.pdf,Real-Time Portrait Stylization on the Edge,"Yanyu Li, Xuan Shen, Geng Yuan, Jiexiong Guan, Wei Niu, Hao Tang, Bin Ren, Yanzhi Wang",Demo Track,https://www.ijcai.org/proceedings/2022/0856.pdf
IJCAI,2022,amica_an_argumentative_search_engine_for_covid19_literature__7e8d04b4.pdf,AMICA: An Argumentative Search Engine for COVID-19 Literature,"Marco Lippi, Francesco Antici, Gianfranco Brambilla, Evaristo Cisbani, Andrea Galassi, Daniele Giansanti, Fabio Magurano, Antonella Rosi, Federico Ruggeri, Paolo Torroni",Demo Track,https://www.ijcai.org/proceedings/2022/0857.pdf
IJCAI,2022,the_good_the_bad_and_the_explainer_a_tool_for_contrastive_explanations_of_text_classifiers__f61e52d3.pdf,"The Good, the Bad, and the Explainer: A Tool for Contrastive Explanations of Text Classifiers","Lorenzo Malandri, Fabio Mercorio, Mario Mezzanzanica, Navid Nobani, Andrea Seveso",Demo Track,https://www.ijcai.org/proceedings/2022/0858.pdf
IJCAI,2022,acta_20_a_modular_architecture_for_multilayer_argumentative_analysis_of_clinical_trials__ef0e58f9.pdf,ACTA 2.0: A Modular Architecture for Multi-Layer Argumentative Analysis of Clinical Trials,"Benjamin Molinet, Santiago Marro, Elena Cabrio, Serena Villata, Tobias Mayer",Demo Track,https://www.ijcai.org/proceedings/2022/0859.pdf
IJCAI,2022,vmagent_a_practical_virtual_machine_scheduling_platform__3c9f7ef1.pdf,VMAgent: A Practical Virtual Machine Scheduling Platform,"Junjie Sheng, Shengliang Cai, Haochuan Cui, Wenhao Li, Yun Hua, Bo Jin, Wenli Zhou, Yiqiu Hu, Lei Zhu, Qian Peng, Hongyuan Zha, Xiangfeng Wang",Demo Track,https://www.ijcai.org/proceedings/2022/0860.pdf
IJCAI,2022,finetuning_deep_neural_networks_by_interactively_refining_the_2d_latent_space_of_ambiguous_images__a1b002be.pdf,Fine-tuning Deep Neural Networks by Interactively Refining the 2D Latent Space of Ambiguous Images,"Jiafu Wei, Haoran Xie, Chia-Ming Chang, Xi Yang",Demo Track,https://www.ijcai.org/proceedings/2022/0861.pdf
IJCAI,2022,autovideo_an_automated_video_action_recognition_system__4b3bd4f1.pdf,AutoVideo: An Automated Video Action Recognition System,"Daochen Zha, Zaid Pervaiz Bhat, Yi-Wei Chen, Yicheng Wang, Sirui Ding, Jiaben Chen, Kwei-Herng Lai, Mohammad Qazim Bhat, Anmoll Kumar Jain, Alfredo Costilla Reyes, Na Zou, Xia Hu",Demo Track,https://www.ijcai.org/proceedings/2022/0862.pdf
IJCAI,2022,textspeechdriven_fullbody_animation__07f35c54.pdf,Text/Speech-Driven Full-Body Animation,"Wenlin Zhuang, Jinwei Qi, Peng Zhang, Bang Zhang, Ping Tan",Demo Track,https://www.ijcai.org/proceedings/2022/0863.pdf
